Network Size,Permeability $(m^{2}$),Porosity (%),Formation Factor
10,2.039903333333333e-12,0.12964466666666666,19.973933333333335
20,2.1063699999999996e-12,0.1297903333333333,19.3176
25,2.1078199999999998e-12,0.13146100000000002,19.310133333333333
30,2.1287866666666666e-12,0.12977766666666665,19.1021
35,2.1300033333333332e-12,0.131028,19.112800000000004
40,2.1443466666666666e-12,0.129775,18.977266666666665
45,2.1439800000000003e-12,0.13075366666666668,18.997633333333333
