Network Size,Permeability $(m^{2}$),Porosity (%),Formation Factor
10,1.22678e-09,0.5899263333333333,2.50069
20,1.26769e-09,0.5923266666666667,2.4546533333333334
25,1.245153333333333e-09,0.6161146666666667,2.5126566666666665
30,1.2782833333333331e-09,0.5930443333333333,2.44097
35,1.2750199999999998e-09,0.5874583333333333,2.4522166666666667
40,1.2789166666666665e-09,0.592675,2.4370100000000003
45,3.7257499999999995e-08,0.6061396666666666,2.4687333333333332
