Network Size,Permeability $(m^{2}$),Porosity (%),Formation Factor
10,9.06918e-13,0.09280320000000002,29.648299999999995
20,9.91017e-13,0.09398453333333334,27.79173333333333
25,1.6951885333333333e-11,0.09768053333333333,27.921766666666667
30,9.967996666666666e-13,0.09402060000000001,27.53503333333333
35,4.9797200000000004e-11,0.09475623333333333,1.2765213333333334
40,1.0035833333333333e-12,0.09398923333333332,27.358533333333337
45,6.3201e-11,0.09468606666666667,1.000305
