Network Size,Permeability $(m^{2}$),Porosity (%),Formation Factor
10,2.01249e-09,0.658729,2.15041
20,2.0477366666666665e-09,0.6587796666666667,2.1245766666666666
25,1.99606e-09,0.6855836666666667,2.183526666666667
30,2.0578233333333335e-09,0.6587273333333333,2.1161
35,2.031853333333333e-09,0.6650686666666666,2.144216666666667
40,2.0614199999999997e-09,0.6589806666666667,2.1119133333333333
45,2.0407466666666667e-09,0.6635393333333334,2.13451
