Network Size,Permeability $(m^{2}$),Porosity (%),Formation Factor
10,1.8112566666666667e-10,0.4412846666666667,4.072556666666667
20,1.8793366666666665e-10,0.44411533333333336,3.947513333333333
25,1.381716666666667e-09,0.43667866666666666,3.9671766666666666
30,1.8818033333333334e-10,0.443077,3.9296666666666664
35,5.22199e-09,0.455632,3.9741166666666667
40,1.8924566666666667e-10,0.4430766666666666,3.9119333333333337
45,5.45985e-09,0.44646600000000003,3.9308366666666665
