Network Size,Permeability $(m^{2}$),Porosity (%),Formation Factor
10,3.29255e-10,0.526234,3.23794
20,3.336196666666666e-10,0.525458,3.188603333333333
25,3.27812e-10,0.5465796666666667,3.25287
30,3.3588466666666665e-10,0.5257076666666666,3.1684533333333333
35,3.34938e-10,0.5207626666666667,3.180593333333333
40,3.37036e-10,0.5256603333333333,3.1586233333333333
45,3.34933e-10,0.5296663333333332,3.18271
